Router,PLC,Bacnet,IOT_net,Web_camera,SQL,Utm,Electric,RTOS,SCADA,SYSTEM,threaten
2Wire ,3M ,Brand,Brand,3Com ,phpMyAdmin,Winconnection,Schneider,Anteo AS,Advantech,管理,weblocgic
3Com ,A.E.S ,A.L.C. ,Arduino ,4XEM ,phpmoadmin,Dptech-UTM2000,Electro-Industries-GaugeTech,SC123,Alliance,系统,
Acer ,A+D ,Andover ,Ch ,A4TECH ,ArticlePublisherPRO,Hanso,LK-IHC-Controller,SC124,EasyNet,平台,
Action-Tec ,ABB ,Automated Logic ,ESP ,Acer ,BigDump,Sophos-UTM,Pharos-LPC,SC125,Sauter,登陆,
ADTRAN ,Abbott ,Carrier ,Microchip ,APC ,FileMakerPro,NexG-VForce1406,Schneider-EGX100,,,工程应用,
Aibocn ,Absolute ,Daikin ,Seeed Studio ,Apple ,MySQLMan,Hansol,Schneider-Data-Center-Expert,,,,
Airlink ,Accurate ,Delta ,SIMCom ,Ativa ,MySqlDumper,Fortinet-FG-100E,Sumitomo-Electric-Industries,,,,
Alcatel-Lucent ,ACI ,Grundfos ,STMicroelectronics ,AUKEY ,phpMyBackupPro,����-UR-930,ABB-RTU560�������ϵͳ,,,,
Aluratek ,Acopian ,Honeywell ,Unbranded ,AUSDOM ,phpPgAdmin,Funkwerk-UTM1100,Schneider-Modicon-M340,,,,
Amplifi ,ACS ,Johnson Controls ,Not Specified ,AVerMedia ,SQLiteManager,����-UR-316N3G,Plisch-transmitter,,,,
AOPEN ,ACTEL ,KMC ,�Ӽ���������̨����ϵͳ,Axis ,SQL-Buddy,����-UR-940,̫���ܼ��-SWF-850,,,,
Apple ,Action ,LENNOX ,1��������Ʒ���ƽ̨,Belkin ,Web-Data-Administrator,����-UR-960H,,,,,
Aruba Networks ,Active ,Schneider Electric ,IOTSOFTVN,BenQ ,MyWebSQL,����-UR-930Login,,,,,
ASRock ,Acuity ,Siemens ,EControl,Blue ,MySQL-Control-Panel,����-UR-960,,,,,
ASUS ,AD ,Trane ,3GSYSCOM-FFU-Active-Gateway,Brother ,������-RDS����ϵͳ,Infnis-soligate-UTM,,,,,
AT&T ,Adams ,Veris ,3INET�������ƽ̨,Buffalo ,Oracle-Enterprise-Performance-Management-System,VarySys-Packetalarm-UTM,,,,,
Ativa ,Adaptec ,Not Specified ,3K�������ƽ̨,C2G ,Matillion-ETL,DPTECH,,,,,
AVM ,ADC ,,Aliot,Canon ,Pivot88,Approach,,,,,
Belkin ,ADEMCO ,,AA-IOT-Server,Cisco ,hadoop_yarn,,,,,,
Black Box ,ADI ,,AA-IOT�����ҽ���,Compaq ,MySQL-Squid-Access-Report,,,,,,
Blitzz Technology ,ADM ,,AbleCloud��רҵ���ȵ�������Ʒ���ƽ̨,Creative ,adminMongo,,,,,,
BT ,Advance ,,1iota-Free-Tickets-For-Fans,Dell ,Quest-Foglight,,,,,,
Buffalo ,Advanced Energy ,,360��ȫIOT,Digital Innovations ,�а��ʿ-��ݿ����ϵͳ,,,,,,
Buffalo Technology ,Advantage ,,Falcon-IOT-Industry-4.0,D-Link ,��ݿ�������ϵͳ,,,,,,
Cambium Networks ,Advantech ,,mIoT-Backend,Dynamode ,��ݿ��б�ϵͳ,,,,,,
Channel Vision ,AEG ,,ACEIoT,EDIMAX ,ALIYUN-RDS-API,,,,,,
Check Point ,Aero ,,Activage-IoT-Platform-v1.0,ELECOM ,,,,,,,
Cisco ,Aeroquip ,,ADDIXO-IOT-Platform,Envision ,,,,,,,
CNet ,Aerovox ,,AimTechsIoT,Ezonics ,,,,,,,
Comfast ,AFC ,,AIOT-Open-Cloud,Foscam ,,,,,,,
CompUSA ,Agastat ,,AiOT-technologies,Fosmon ,,,,,,,
Comtrend ,Agilent ,,AIOT����ƽ̨,GE ,,,,,,,
CP Technologies ,Aladdin ,,AirManage-for-IoT,Gear Head ,,,,,,,
Cradlepoint ,Alcatel-Lucent ,,Bething-Iot-Platform,Genius ,,,,,,,
CrystalView ,Alco Controls ,,blinker,Gigaware ,,,,,,,
Dell ,Alcon ,,DDPush,Greenlee ,,,,,,,
Digi ,Alemite ,,DS�������ƽ̨,HAVIT ,,,,,,,
D-Link ,Aleph ,,EPIC-IoTHub,Hawking ,,,,,,,
dodocool ,Alfred ,,FIoT�����SAASƽ̨,Hercules ,,,,,,,
DrayTek ,Allegro ,,FnBox&nbsp;-&nbsp;�������ƽ̨,HP ,,,,,,,
EDIMAX ,Allen ,,G7�ǻ������,IBM ,,,,,,,
EDUP ,Allen-Bradley ,,GJF�������ƽ̨,iHome ,,,,,,,
eero ,Allied Telesis ,,Honekit�������ƽ̨,iLuv ,,,,,,,
ELECOM ,Allied telesyn ,,I3oT-���ܹ�ҵ�����,iMicro ,,,,,,,
Encore Electronics ,Alloy ,,IMS�������������ϵͳ,inland ,,,,,,,
EnGenius ,Alpha ,,INDICS-�����Ӧ��ƽ̨,Insten ,,,,,,,
F5 ,Alpha Wire ,,IntoYun-��ҵ������Ӳ����������������ƽ̨,Intel ,,,,,,,
Foscam ,Altec Lansing ,,IntoYun-��ҵ������������Ӳ����������������ƽ̨,Jelly Comb ,,,,,,,
Fujitsu ,Altera ,,iSESOL��-���������Ĺ�ҵ�����ƽ̨,jWIN ,,,,,,,
Gateway ,Altronix ,,M2M�����ƽ̨,Kensington ,,,,,,,
General ,Amana ,,NEFIOT��������ϵͳ,Kodak ,,,,,,,
GIGABYTE ,Amber ,,OneLink-�й��ƶ��������ӹ���ƽ̨,Labtec ,,,,,,,
GigaFast ,AMC ,,PublicIoT������ƽ̨,LG ,,,,,,,
GL.iNet ,AMCO ,,RFID�����ܿ�ƽ̨,Linksys ,,,,,,,
Grandstream ,AMD ,,RHZZ-��ҵ���簲ȫ�ۺϹ���ƽ̨,Logitech ,,,,,,,
Harris ,American Optical ,,SIMBOSS,Lorex ,,,,,,,
Hawking ,American Valve ,,TenSun-�����������ƽ̨,Macally ,,,,,,,
HooToo ,American Zettler ,,ThingJS-�����3D���ӻ�PaaSƽ̨,Manhattan ,,,,,,,
HP ,AMETEK ,,UCCC�����,Micro Innovations ,,,,,,,
HPE ,AMF ,,Websocket-�������,Microsoft ,,,,,,,
Huawei ,AMI ,,,Motorola ,,,,,,,
Intel ,AMP ,,,MSI ,,,,,,,
Intellinet ,Amperex ,,,NETGEAR ,,,,,,,
IOGEAR ,Amperite ,,,Panasonic ,,,,,,,
Jetstream ,Ampex ,,,Philips ,,,,,,,
Jetstre��m ,Amphenol ,,,Premium ,,,,,,,
Kuwfi ,Amprobe ,,,Razer ,,,,,,,
LevelOne ,AMT ,,,Rocketfish ,,,,,,,
Leviton ,AMX ,,,Rosewill ,,,,,,,
Linksys ,Analog Devices ,,,Sabrent ,,,,,,,
LUMA ,Anderson Power Products ,,,Sakar ,,,,,,,
Luxul ,Andover ,,,Samsung ,,,,,,,
Mediabridge ,Andover Controls ,,,Sanwa Supply ,,,,,,,
Medialink ,Andrew ,,,Siemens ,,,,,,,
Mercury ,Andrews ,,,Sony ,,,,,,,
Microsoft ,Anritsu ,,,Staples ,,,,,,,
MikroTik ,Antec ,,,SUPCASE ,,,,,,,
Monoprice ,Anvil ,,,Tevion ,,,,,,,
Motorola ,Ao ,,,Toshiba ,,,,,,,
MSI ,APC ,,,TRENDnet ,,,,,,,
MultiTech ,Apollo ,,,Trust ,,,,,,,
NEC ,Appleton Electric ,,,Unbranded ,,,,,,,
NetComm ,Applied Materials ,,,V7 ,,,,,,,
NETGEAR ,APS ,,,Veo ,,,,,,,
Netopia ,Arbor ,,,VIVOTEK ,,,,,,,
Nexland ,Archer ,,,WinBook ,,,,,,,
Nortel ,Arduino ,,,ZyXEL ,,,,,,,
Norton ,AREVA ,,,Hikvision,,,,,,,
NovAtel ,Arlington ,,,,,,,,,,
Open Mesh ,ARM ,,,,,,,,,,
Panasonic ,ARO ,,,,,,,,,,
PHICOMM ,Arrow Hart ,,,,,,,,,,
Proxim ,Artesyn ,,,,,,,,,,
Quantum ,ASEA ,,,,,,,,,,
Razer ,Ashcroft ,,,,,,,,,,
Sabrent ,AST ,,,,,,,,,,
Samsung ,ASTEC ,,,,,,,,,,
Sapido ,ASUS ,,,,,,,,,,
Securifi ,AT&T ,,,,,,,,,,
Siemens ,ATEN ,,,,,,,,,,
SMC ,Athena ,,,,,,,,,,
Sony ,ATI ,,,,,,,,,,
Sprint ,Atlas ,,,,,,,,,,
Synology ,Atlas Copco ,,,,,,,,,,
Tenda ,Atlas Sound ,,,,,,,,,,
TOTOLINK ,Atmel ,,,,,,,,,,
TP-LINK ,ATS ,,,,,,,,,,
TRENDnet ,Auburn ,,,,,,,,,,
Ubiquiti Networks ,Aurora ,,,,,,,,,,
Ubiquiti - Us ,Austin ,,,,,,,,,,
Unbranded ,Automated Logic ,,,,,,,,,,
USRobotics ,AutomationDirect ,,,,,,,,,,
Verizon ,Autonics ,,,,,,,,,,
Vodafone ,Avago ,,,,,,,,,,
VONETS ,Avatar ,,,,,,,,,,
VTech ,Avaya ,,,,,,,,,,
WD ,Axcelis ,,,,,,,,,,
Westell ,Axiom ,,,,,,,,,,
Western Digital ,B.?.C ,,,,,,,,,,
Xiaomi ,B&C ,,,,,,,,,,
Zonet ,B&K ,,,,,,,,,,
Zoom ,B&K Precision ,,,,,,,,,,
ZTE ,Babcock ,,,,,,,,,,
ZyXEL ,Badger ,,,,,,,,,,
Not Specified ,Bailey ,,,,,,,,,,
IBR650E,Baldor ,,,,,,,,,,
IBR650LE,Balluff ,,,,,,,,,,
IBR650LP,Bandit ,,,,,,,,,,
IBR651E,Bando ,,,,,,,,,,
IBR652E,Banner Engineering ,,,,,,,,,,
IBR653E,Barber Colman ,,,,,,,,,,
IBR654E,Barco ,,,,,,,,,,
IBR655E,Bard ,,,,,,,,,,
IBR656E,Barden ,,,,,,,,,,
IBR657E,Barksdale ,,,,,,,,,,
IBR658E,Barnes ,,,,,,,,,,
IBR659E,Basler ,,,,,,,,,,
IBR660E,Bates ,,,,,,,,,,
IBR661E,Beacon ,,,,,,,,,,
Internal LEInternal LE,Beck ,,,,,,,,,,
Internal LPEInternal LPE,Beckett ,,,,,,,,,,
iRZ,Beckhoff ,,,,,,,,,,
MBR1200B,Becton Dickinson ,,,,,,,,,,
MBR1201B,Belden ,,,,,,,,,,
MBR1202B,Belimo ,,,,,,,,,,
MBR1203B,Belkin ,,,,,,,,,,
MBR1204B,Belling Lee ,,,,,,,,,,
MBR1205B,Bendix ,,,,,,,,,,
MBR1206B,Bentley ,,,,,,,,,,
MBR1207B,Bently Nevada ,,,,,,,,,,
MBR1208B,Berger Lahr ,,,,,,,,,,
MBR1209B,Bestec ,,,,,,,,,,
MBR1210B,Bimba ,,,,,,,,,,
mikrotik,BINDER ,,,,,,,,,,
Titan,Binks ,,,,,,,,,,
TP-LINK ,Bird ,,,,,,,,,,
Vigor,Black Box ,,,,,,,,,,
ZyXEL,Blackburn ,,,,,,,,,,
,B-Line ,,,,,,,,,,
,Blonder Tongue ,,,,,,,,,,
,Blue ,,,,,,,,,,
,Blue Point ,,,,,,,,,,
,BMC ,,,,,,,,,,
,Bodine ,,,,,,,,,,
,Bogen ,,,,,,,,,,
,Bosch ,,,,,,,,,,
,Boston ,,,,,,,,,,
,Bourns ,,,,,,,,,,
,Bower ,,,,,,,,,,
,BP ,,,,,,,,,,
,Bradley ,,,,,,,,,,
,Brady ,,,,,,,,,,
,BRANSON ,,,,,,,,,,
,Bridgeport ,,,,,,,,,,
,Broan ,,,,,,,,,,
,Brookfield ,,,,,,,,,,
,Brooks ,,,,,,,,,,
,Brother ,,,,,,,,,,
,Browning ,,,,,,,,,,
,Bryant ,,,,,,,,,,
,BT ,,,,,,,,,,
,Bulldog ,,,,,,,,,,
,Bullet ,,,,,,,,,,
,B��rkert ,,,,,,,,,,
,Burle ,,,,,,,,,,
,Burr-Brown ,,,,,,,,,,
,Burton ,,,,,,,,,,
,Busch ,,,,,,,,,,
,Bussmann ,,,,,,,,,,
,Butler ,,,,,,,,,,
,C&D Technologies ,,,,,,,,,,
,C&E ,,,,,,,,,,
,C&M Corporation ,,,,,,,,,,
,C+P ,,,,,,,,,,
,CADDY ,,,,,,,,,,
,CAMCO ,,,,,,,,,,
,Camozzi ,,,,,,,,,,
,Candy ,,,,,,,,,,
,Cannon ,,,,,,,,,,
,Canon ,,,,,,,,,,
,Carborundum ,,,,,,,,,,
,Carlisle ,,,,,,,,,,
,Carlo Gavazzi ,,,,,,,,,,
,Carlon ,,,,,,,,,,
,Carlson ,,,,,,,,,,
,Carlton ,,,,,,,,,,
,Carol ,,,,,,,,,,
,Carrier ,,,,,,,,,,
,Case ,,,,,,,,,,
,Casio ,,,,,,,,,,
,CAT ,,,,,,,,,,
,Cbb ,,,,,,,,,,
,CDI ,,,,,,,,,,
,CEI ,,,,,,,,,,
,Celtek ,,,,,,,,,,
,CEM ,,,,,,,,,,
,Central ,,,,,,,,,,
,Centralab ,,,,,,,,,,
,CENTURY ,,,,,,,,,,
,Cerus ,,,,,,,,,,
,CGW ,,,,,,,,,,
,Ch ,,,,,,,,,,
,Challenger ,,,,,,,,,,
,Champion ,,,,,,,,,,
,Channel Master ,,,,,,,,,,
,Chatillon ,,,,,,,,,,
,Chemtronics ,,,,,,,,,,
,Cherokee ,,,,,,,,,,
,Chesterton ,,,,,,,,,,
,Chicago Pneumatic ,,,,,,,,,,
,Chief ,,,,,,,,,,
,Christie ,,,,,,,,,,
,Chromalox ,,,,,,,,,,
,Cidco ,,,,,,,,,,
,CINCINNATI ,,,,,,,,,,
,Circle Seal Controls ,,,,,,,,,,
,Cisco ,,,,,,,,,,
,CL ,,,,,,,,,,
,Clarity ,,,,,,,,,,
,Clarke ,,,,,,,,,,
,Clarostat ,,,,,,,,,,
,Cleveland ,,,,,,,,,,
,Clinton ,,,,,,,,,,
,Clippard ,,,,,,,,,,
,Clipper ,,,,,,,,,,
,CMC ,,,,,,,,,,
,CMOS ,,,,,,,,,,
,CMT ,,,,,,,,,,
,Coast ,,,,,,,,,,
,Cognex ,,,,,,,,,,
,Coherent ,,,,,,,,,,
,Coilcraft ,,,,,,,,,,
,Cole ,,,,,,,,,,
,Collins ,,,,,,,,,,
,Columbia ,,,,,,,,,,
,Columbus McKinnon ,,,,,,,,,,
,Comair Rotron ,,,,,,,,,,
,Comet ,,,,,,,,,,
,Command ,,,,,,,,,,
,CommScope ,,,,,,,,,,
,Compaq ,,,,,,,,,,
,Conair ,,,,,,,,,,
,Concept ,,,,,,,,,,
,Condor ,,,,,,,,,,
,Consolidated ,,,,,,,,,,
,Contact Electronics ,,,,,,,,,,
,CONTEC ,,,,,,,,,,
,Continental ,,,,,,,,,,
,Control Techniques ,,,,,,,,,,
,Cooper Bussmann ,,,,,,,,,,
,Copeland ,,,,,,,,,,
,Copper ,,,,,,,,,,
,Corcom ,,,,,,,,,,
,Cornell Dubilier ,,,,,,,,,,
,Corning ,,,,,,,,,,
,Cosel ,,,,,,,,,,
,CPI ,,,,,,,,,,
,CPS ,,,,,,,,,,
,CR ,,,,,,,,,,
,Craftsman ,,,,,,,,,,
,Cramer ,,,,,,,,,,
,Creative ,,,,,,,,,,
,Crestron ,,,,,,,,,,
,CR Magnetics ,,,,,,,,,,
,Crosby ,,,,,,,,,,
,Crouse-Hinds ,,,,,,,,,,
,Crouzet ,,,,,,,,,,
,Crown ,,,,,,,,,,
,Crydom ,,,,,,,,,,
,Crystal ,,,,,,,,,,
,CS ,,,,,,,,,,
,CTI ,,,,,,,,,,
,CTS ,,,,,,,,,,
,Cummins ,,,,,,,,,,
,Current ,,,,,,,,,,
,Curtis ,,,,,,,,,,
,Cushman ,,,,,,,,,,
,Custom Connector ,,,,,,,,,,
,Cutler-Hammer ,,,,,,,,,,
,CW ,,,,,,,,,,
,Cypress ,,,,,,,,,,
,CYTech ,,,,,,,,,,
,DAC ,,,,,,,,,,
,Daiichi ,,,,,,,,,,
,Daikin ,,,,,,,,,,
,Dale ,,,,,,,,,,
,Dalton Clutches ,,,,,,,,,,
,Dana ,,,,,,,,,,
,Danco ,,,,,,,,,,
,Danfoss ,,,,,,,,,,
,Dart ,,,,,,,,,,
,Datalogic ,,,,,,,,,,
,Datamax ,,,,,,,,,,
,Daven ,,,,,,,,,,
,Davis ,,,,,,,,,,
,Dayco ,,,,,,,,,,
,Dayton ,,,,,,,,,,
,DC ,,,,,,,,,,
,DCC ,,,,,,,,,,
,DCI ,,,,,,,,,,
,DCS ,,,,,,,,,,
,DDK ,,,,,,,,,,
,Dearborn ,,,,,,,,,,
,Dell ,,,,,,,,,,
,Delphi ,,,,,,,,,,
,Delta Power ,,,,,,,,,,
,Delta Tau ,,,,,,,,,,
,Deltrol ,,,,,,,,,,
,Desco ,,,,,,,,,,
,Deublin ,,,,,,,,,,
,Deutsch ,,,,,,,,,,
,DEWALT ,,,,,,,,,,
,Dialco ,,,,,,,,,,
,Dialight ,,,,,,,,,,
,Dialogic ,,,,,,,,,,
,Diamond ,,,,,,,,,,
,Dickson ,,,,,,,,,,
,Digi ,,,,,,,,,,
,Digital ,,,,,,,,,,
,Digitran ,,,,,,,,,,
,Diversey ,,,,,,,,,,
,Dixon ,,,,,,,,,,
,DIY ,,,,,,,,,,
,DMC ,,,,,,,,,,
,Dodge ,,,,,,,,,,
,Domino ,,,,,,,,,,
,Donaldson ,,,,,,,,,,
,Dongan ,,,,,,,,,,
,Dover ,,,,,,,,,,
,Drake ,,,,,,,,,,
,DSC ,,,,,,,,,,
,Dukane ,,,,,,,,,,
,Duncan ,,,,,,,,,,
,Durakool ,,,,,,,,,,
,Durant ,,,,,,,,,,
,DVE ,,,,,,,,,,
,DW ,,,,,,,,,,
,Dwyer ,,,,,,,,,,
,Dynabrade ,,,,,,,,,,
,Dynamic ,,,,,,,,,,
,Dynapar ,,,,,,,,,,
,Eagle ,,,,,,,,,,
,Eagle Signal ,,,,,,,,,,
,Eastman ,,,,,,,,,,
,Eaton ,,,,,,,,,,
,EC ,,,,,,,,,,
,ECG ,,,,,,,,,,
,Echelon ,,,,,,,,,,
,Eclipse ,,,,,,,,,,
,Ecolab ,,,,,,,,,,
,ECS ,,,,,,,,,,
,Edison ,,,,,,,,,,
,Edwards Signaling ,,,,,,,,,,
,EE Controls ,,,,,,,,,,
,Efector ,,,,,,,,,,
,Elan ,,,,,,,,,,
,Elco ,,,,,,,,,,
,Electra ,,,,,,,,,,
,Electric ,,,,,,,,,,
,Electrocube ,,,,,,,,,,
,Element ,,,,,,,,,,
,Elenco ,,,,,,,,,,
,Elite Products ,,,,,,,,,,
,Eltako ,,,,,,,,,,
,EMC ,,,,,,,,,,
,Emerson ,,,,,,,,,,
,EMI ,,,,,,,,,,
,EMS ,,,,,,,,,,
,Endevco ,,,,,,,,,,
,Endress+Hauser ,,,,,,,,,,
,Enermax ,,,,,,,,,,
,Enerpac ,,,,,,,,,,
,Entegris ,,,,,,,,,,
,Entrelec ,,,,,,,,,,
,EPCOS ,,,,,,,,,,
,Epic ,,,,,,,,,,
,Epson ,,,,,,,,,,
,ERICO ,,,,,,,,,,
,Ericsson ,,,,,,,,,,
,ERO Electronic ,,,,,,,,,,
,ESA ,,,,,,,,,,
,ESI ,,,,,,,,,,
,ESP ,,,,,,,,,,
,Essex ,,,,,,,,,,
,Eta ,,,,,,,,,,
,ETC ,,,,,,,,,,
,ETRI ,,,,,,,,,,
,EUCHNER ,,,,,,,,,,
,Excelon ,,,,,,,,,,
,Executone ,,,,,,,,,,
,Extech ,,,,,,,,,,
,Extron ,,,,,,,,,,
,Facon Fatek ,,,,,,,,,,
,Fagor ,,,,,,,,,,
,Fairchild Industries ,,,,,,,,,,
,Falcon ,,,,,,,,,,
,Falk ,,,,,,,,,,
,FANUC ,,,,,,,,,,
,Fargo ,,,,,,,,,,
,Farnell ,,,,,,,,,,
,Fasco ,,,,,,,,,,
,Federal-Mogul ,,,,,,,,,,
,Federal Pacific ,,,,,,,,,,
,Federal Signal ,,,,,,,,,,
,Ferraz Shawmut ,,,,,,,,,,
,Festo ,,,,,,,,,,
,Finder ,,,,,,,,,,
,Finisar ,,,,,,,,,,
,Fireye ,,,,,,,,,,
,Fischer ,,,,,,,,,,
,Fisher Scientific ,,,,,,,,,,
,Flair ,,,,,,,,,,
,Flex ,,,,,,,,,,
,Flowserve ,,,,,,,,,,
,Fluke ,,,,,,,,,,
,FMC ,,,,,,,,,,
,Ford ,,,,,,,,,,
,Forney ,,,,,,,,,,
,Foster ,,,,,,,,,,
,Fostoria ,,,,,,,,,,
,Fowler ,,,,,,,,,,
,Foxboro ,,,,,,,,,,
,Foxconn ,,,,,,,,,,
,FPE ,,,,,,,,,,
,Franklin ,,,,,,,,,,
,Franklin Electric ,,,,,,,,,,
,Freedom ,,,,,,,,,,
,Frontier ,,,,,,,,,,
,FSC ,,,,,,,,,,
,Fuji ,,,,,,,,,,
,Fujikin ,,,,,,,,,,
,Fujinon ,,,,,,,,,,
,Fujitsu ,,,,,,,,,,
,Fulton ,,,,,,,,,,
,"Functional Devices, Inc. ",,,,,,,,,,
,Furnas ,,,,,,,,,,
,Fusetron ,,,,,,,,,,
,Fusion ,,,,,,,,,,
,FYH ,,,,,,,,,,
,G&L ,,,,,,,,,,
,G&S ,,,,,,,,,,
,Galaxy ,,,,,,,,,,
,Galco ,,,,,,,,,,
,Gardner Denver ,,,,,,,,,,
,GardTec ,,,,,,,,,,
,Garlock ,,,,,,,,,,
,Gates ,,,,,,,,,,
,Gateway ,,,,,,,,,,
,GB ,,,,,,,,,,
,GBC ,,,,,,,,,,
,GC ,,,,,,,,,,
,GE ,,,,,,,,,,
,Gear Head ,,,,,,,,,,
,GE Fanuc ,,,,,,,,,,
,Gemco ,,,,,,,,,,
,Gemini ,,,,,,,,,,
,Gemline ,,,,,,,,,,
,Gems ,,,,,,,,,,
,Generac ,,,,,,,,,,
,General Instruments ,,,,,,,,,,
,General Motors ,,,,,,,,,,
,Genesis ,,,,,,,,,,
,Genie ,,,,,,,,,,
,Genius ,,,,,,,,,,
,Gentex ,,,,,,,,,,
,Gettys ,,,,,,,,,,
,Giddings & Lewis ,,,,,,,,,,
,Gilbarco ,,,,,,,,,,
,Glenair ,,,,,,,,,,
,GLI ,,,,,,,,,,
,Globe ,,,,,,,,,,
,Globe Motors ,,,,,,,,,,
,Goodman ,,,,,,,,,,
,Goodyear ,,,,,,,,,,
,Gordon ,,,,,,,,,,
,Gordos ,,,,,,,,,,
,Gould Shawmut ,,,,,,,,,,
,GPM ,,,,,,,,,,
,Grace Engineered Products ,,,,,,,,,,
,Graco ,,,,,,,,,,
,Grainger ,,,,,,,,,,
,Graphic Controls ,,,,,,,,,,
,Grayhill ,,,,,,,,,,
,Greenfield ,,,,,,,,,,
,Greenlee ,,,,,,,,,,
,Grey Pneumatic ,,,,,,,,,,
,GRINNELL ,,,,,,,,,,
,Grote ,,,,,,,,,,
,Grundfos ,,,,,,,,,,
,GSC ,,,,,,,,,,
,GSI ,,,,,,,,,,
,GT ,,,,,,,,,,
,Guardian ,,,,,,,,,,
,GW ,,,,,,,,,,
,H&D Wireless ,,,,,,,,,,
,H&S ,,,,,,,,,,
,Hach ,,,,,,,,,,
,HAENNI ,,,,,,,,,,
,Hager ,,,,,,,,,,
,HAI ,,,,,,,,,,
,HAKKO ,,,,,,,,,,
,Hall ,,,,,,,,,,
,Halo ,,,,,,,,,,
,Hamamatsu ,,,,,,,,,,
,Hamilton ,,,,,,,,,,
,Hammond ,,,,,,,,,,
,Hanna ,,,,,,,,,,
,Hansen ,,,,,,,,,,
,Hardy ,,,,,,,,,,
,Harmonic ,,,,,,,,,,
,Harmonic Drive ,,,,,,,,,,
,Harris ,,,,,,,,,,
,Harrison ,,,,,,,,,,
,HART ,,,,,,,,,,
,Hartford ,,,,,,,,,,
,HARTING ,,,,,,,,,,
,Hartmann ,,,,,,,,,,
,Heartland ,,,,,,,,,,
,Heathkit ,,,,,,,,,,
,HEIDENHAIN ,,,,,,,,,,
,Heim ,,,,,,,,,,
,Heinemann ,,,,,,,,,,
,Helios ,,,,,,,,,,
,Henry ,,,,,,,,,,
,Hercules ,,,,,,,,,,
,Heritage ,,,,,,,,,,
,HEX ,,,,,,,,,,
,Hexacon ,,,,,,,,,,
,HF ,,,,,,,,,,
,Hickok ,,,,,,,,,,
,Highland ,,,,,,,,,,
,Hillman ,,,,,,,,,,
,Hilti ,,,,,,,,,,
,Hirschmann ,,,,,,,,,,
,Hitachi ,,,,,,,,,,
,Hi-tech ,,,,,,,,,,
,HL ,,,,,,,,,,
,Hobart ,,,,,,,,,,
,Hoffman ,,,,,,,,,,
,HOHNER ,,,,,,,,,,
,Honda ,,,,,,,,,,
,Honeywell ,,,,,,,,,,
,Horizon ,,,,,,,,,,
,Horton ,,,,,,,,,,
,House of Marley ,,,,,,,,,,
,Hoyt ,,,,,,,,,,
,HP ,,,,,,,,,,
,HTC ,,,,,,,,,,
,Hub City ,,,,,,,,,,
,Hughes ,,,,,,,,,,
,Hummel ,,,,,,,,,,
,Humphrey ,,,,,,,,,,
,Hunter ,,,,,,,,,,
,Huntington ,,,,,,,,,,
,Huntron ,,,,,,,,,,
,Hurst ,,,,,,,,,,
,IBM ,,,,,,,,,,
,Icel ,,,,,,,,,,
,ICM ,,,,,,,,,,
,ICP ,,,,,,,,,,
,ICS ,,,,,,,,,,
,IDEC ,,,,,,,,,,
,IEC ,,,,,,,,,,
,IFS ,,,,,,,,,,
,igus ,,,,,,,,,,
,Imation ,,,,,,,,,,
,Impact ,,,,,,,,,,
,Imperial ,,,,,,,,,,
,Impulse ,,,,,,,,,,
,Indramat ,,,,,,,,,,
,Infinity ,,,,,,,,,,
,Ingersoll Rand ,,,,,,,,,,
,inland ,,,,,,,,,,
,Innovation ,,,,,,,,,,
,Integra ,,,,,,,,,,
,Intel ,,,,,,,,,,
,Intermatic ,,,,,,,,,,
,Intermec ,,,,,,,,,,
,International Rectifier ,,,,,,,,,,
,Intersil ,,,,,,,,,,
,Invensys ,,,,,,,,,,
,Isco ,,,,,,,,,,
,ISM ,,,,,,,,,,
,Isocom ,,,,,,,,,,
,ITE ,,,,,,,,,,
,ITT ,,,,,,,,,,
,J&M ,,,,,,,,,,
,Jackson ,,,,,,,,,,
,Jacobs ,,,,,,,,,,
,Jaeger ,,,,,,,,,,
,Jamesbury ,,,,,,,,,,
,Jenkins ,,,,,,,,,,
,Jensen ,,,,,,,,,,
,Johnson Controls ,,,,,,,,,,
,Jones ,,,,,,,,,,
,Jordan ,,,,,,,,,,
,Joslyn Clark ,,,,,,,,,,
,Juno ,,,,,,,,,,
,Justrite ,,,,,,,,,,
,JVC ,,,,,,,,,,
,Kay ,,,,,,,,,,
,KB ,,,,,,,,,,
,KDS ,,,,,,,,,,
,Keithley ,,,,,,,,,,
,Kent ,,,,,,,,,,
,Kenwood ,,,,,,,,,,
,Kepco ,,,,,,,,,,
,Kerr ,,,,,,,,,,
,KEYENCE ,,,,,,,,,,
,Keystone ,,,,,,,,,,
,Kikusui ,,,,,,,,,,
,Killark ,,,,,,,,,,
,Kinetic ,,,,,,,,,,
,King ,,,,,,,,,,
,Kingston ,,,,,,,,,,
,Kirk ,,,,,,,,,,
,Kissling ,,,,,,,,,,
,KITZ ,,,,,,,,,,
,Klixon ,,,,,,,,,,
,KMC ,,,,,,,,,,
,Knight ,,,,,,,,,,
,Kodak ,,,,,,,,,,
,Koganei ,,,,,,,,,,
,Koino ,,,,,,,,,,
,Kollmorgen ,,,,,,,,,,
,Kristel ,,,,,,,,,,
,Kronos ,,,,,,,,,,
,KSS ,,,,,,,,,,
,KUKA ,,,,,,,,,,
,Kulka ,,,,,,,,,,
,Kunkle ,,,,,,,,,,
,Kyocera ,,,,,,,,,,
,Kyoritsu ,,,,,,,,,,
,L&S ,,,,,,,,,,
,Lady Hathaway ,,,,,,,,,,
,Lafayette ,,,,,,,,,,
,Lambda ,,,,,,,,,,
,Lantronix ,,,,,,,,,,
,Lawson ,,,,,,,,,,
,Lea ,,,,,,,,,,
,Ledex ,,,,,,,,,,
,Lee ,,,,,,,,,,
,Leed's ,,,,,,,,,,
,Legacy ,,,,,,,,,,
,Legrand ,,,,,,,,,,
,Legris ,,,,,,,,,,
,Lehigh ,,,,,,,,,,
,LEM ,,,,,,,,,,
,LENNOX ,,,,,,,,,,
,Lenze Americas ,,,,,,,,,,
,Leviton ,,,,,,,,,,
,LG ,,,,,,,,,,
,Liebert ,,,,,,,,,,
,LiftMaster ,,,,,,,,,,
,Lightolier ,,,,,,,,,,
,Lincoln ,,,,,,,,,,
,Linde ,,,,,,,,,,
,Lineage Power ,,,,,,,,,,
,Linear ,,,,,,,,,,
,Line Electric ,,,,,,,,,,
,LINEMASTER ,,,,,,,,,,
,Link ,,,,,,,,,,
,Linksys ,,,,,,,,,,
,Linx ,,,,,,,,,,
,Lithonia Lighting ,,,,,,,,,,
,Littelfuse ,,,,,,,,,,
,Little Giant ,,,,,,,,,,
,Litton ,,,,,,,,,,
,Loc-Line ,,,,,,,,,,
,Loctite ,,,,,,,,,,
,Logosol ,,,,,,,,,,
,LPM ,,,,,,,,,,
,LT ,,,,,,,,,,
,Lucas ,,,,,,,,,,
,Lucent ,,,,,,,,,,
,Lumberg ,,,,,,,,,,
,LUMENITE ,,,,,,,,,,
,Lumex ,,,,,,,,,,
,Lutron ,,,,,,,,,,
,L��TZE ,,,,,,,,,,
,L X �� ,,,,,,,,,,
,M��A��C ,,,,,,,,,,
,Macromatic ,,,,,,,,,,
,Mac Tools ,,,,,,,,,,
,Madison ,,,,,,,,,,
,Maestro ,,,,,,,,,,
,MAG ,,,,,,,,,,
,Magnavox ,,,,,,,,,,
,Magnecraft ,,,,,,,,,,
,Magnetek ,,,,,,,,,,
,Magnetics ,,,,,,,,,,
,Magnum ,,,,,,,,,,
,Makita ,,,,,,,,,,
,Mallory ,,,,,,,,,,
,Manitowoc ,,,,,,,,,,
,Maple ,,,,,,,,,,
,Marathon ,,,,,,,,,,
,Marathon Electric ,,,,,,,,,,
,Marconi ,,,,,,,,,,
,Marinco ,,,,,,,,,,
,MARKEM ,,,,,,,,,,
,Marposs ,,,,,,,,,,
,Mars ,,,,,,,,,,
,Marsh ,,,,,,,,,,
,Marshall ,,,,,,,,,,
,Martek ,,,,,,,,,,
,Martin ,,,,,,,,,,
,Marvel ,,,,,,,,,,
,MASKA ,,,,,,,,,,
,Master ,,,,,,,,,,
,Matrix ,,,,,,,,,,
,Matrix Orbital ,,,,,,,,,,
,Matrox ,,,,,,,,,,
,Matsushita ,,,,,,,,,,
,Maxim ,,,,,,,,,,
,Maximum ,,,,,,,,,,
,Maxitrol ,,,,,,,,,,
,Maxon ,,,,,,,,,,
,Maxtor ,,,,,,,,,,
,Mazak ,,,,,,,,,,
,MB ,,,,,,,,,,
,McGill ,,,,,,,,,,
,MCM ,,,,,,,,,,
,MCS ,,,,,,,,,,
,MD ,,,,,,,,,,
,MDC ,,,,,,,,,,
,Mead ,,,,,,,,,,
,MEAN WELL ,,,,,,,,,,
,Meggitt ,,,,,,,,,,
,Melcher ,,,,,,,,,,
,Melles Griot ,,,,,,,,,,
,MEMCOR ,,,,,,,,,,
,Mercury ,,,,,,,,,,
,Meridian ,,,,,,,,,,
,Merlin Gerin ,,,,,,,,,,
,Merrick ,,,,,,,,,,
,Meteor ,,,,,,,,,,
,Mettler Toledo ,,,,,,,,,,
,MIC ,,,,,,,,,,
,Microchip ,,,,,,,,,,
,Micromotion ,,,,,,,,,,
,Micron ,,,,,,,,,,
,Midland ,,,,,,,,,,
,Midtex ,,,,,,,,,,
,Milano ,,,,,,,,,,
,Miller ,,,,,,,,,,
,Millipore ,,,,,,,,,,
,Milwaukee ,,,,,,,,,,
,MiP ,,,,,,,,,,
,Mitel ,,,,,,,,,,
,Mitsubishi ,,,,,,,,,,
,Mitsubishi Electric ,,,,,,,,,,
,Mitsumi ,,,,,,,,,,
,Mitutoyo ,,,,,,,,,,
,Modicon ,,,,,,,,,,
,Moeller ,,,,,,,,,,
,Mohawk ,,,,,,,,,,
,Molex ,,,,,,,,,,
,Monarch Specialties ,,,,,,,,,,
,Monitor ,,,,,,,,,,
,Monogram ,,,,,,,,,,
,MOOG ,,,,,,,,,,
,Morse ,,,,,,,,,,
,MOSTEK ,,,,,,,,,,
,Motorola ,,,,,,,,,,
,Mountz ,,,,,,,,,,
,MP ,,,,,,,,,,
,MPC ,,,,,,,,,,
,Mpi ,,,,,,,,,,
,MPS ,,,,,,,,,,
,MRO ,,,,,,,,,,
,MSA ,,,,,,,,,,
,MSC ,,,,,,,,,,
,MSD ,,,,,,,,,,
,MSI ,,,,,,,,,,
,MTG ,,,,,,,,,,
,MTI ,,,,,,,,,,
,MTL ,,,,,,,,,,
,MTM ,,,,,,,,,,
,MTS Products ,,,,,,,,,,
,Mulberry ,,,,,,,,,,
,Murata ,,,,,,,,,,
,Murray ,,,,,,,,,,
,MX ,,,,,,,,,,
,Myers ,,,,,,,,,,
,Nachi ,,,,,,,,,,
,Nana ,,,,,,,,,,
,NAPA ,,,,,,,,,,
,National Electronics ,,,,,,,,,,
,National Instruments ,,,,,,,,,,
,National Semiconductor ,,,,,,,,,,
,NBR ,,,,,,,,,,
,NC ,,,,,,,,,,
,ND ,,,,,,,,,,
,NEC ,,,,,,,,,,
,Nelson ,,,,,,,,,,
,Neptune ,,,,,,,,,,
,Neutrik ,,,,,,,,,,
,Newall ,,,,,,,,,,
,New Holland ,,,,,,,,,,
,Newport ,,,,,,,,,,
,Nexus ,,,,,,,,,,
,Niagara ,,,,,,,,,,
,NICE ,,,,,,,,,,
,Nidec ,,,,,,,,,,
,Nikken ,,,,,,,,,,
,Nippon Bearing ,,,,,,,,,,
,Nippon Chemi-Con ,,,,,,,,,,
,Nitto ,,,,,,,,,,
,NL ,,,,,,,,,,
,NLS ,,,,,,,,,,
,NMB ,,,,,,,,,,
,Nokia ,,,,,,,,,,
,Nordson ,,,,,,,,,,
,Norgren ,,,,,,,,,,
,Nortel ,,,,,,,,,,
,North ,,,,,,,,,,
,Northern Telecom ,,,,,,,,,,
,North Star ,,,,,,,,,,
,Norton ,,,,,,,,,,
,Novellus ,,,,,,,,,,
,NPC ,,,,,,,,,,
,NTE ,,,,,,,,,,
,NTN ,,,,,,,,,,
,Numatics ,,,,,,,,,,
,NUPRO ,,,,,,,,,,
,NXP ,,,,,,,,,,
,Ohaus ,,,,,,,,,,
,Ohmite ,,,,,,,,,,
,Okamoto ,,,,,,,,,,
,OKAYA ,,,,,,,,,,
,OKI ,,,,,,,,,,
,Okuma ,,,,,,,,,,
,OMEGA ,,,,,,,,,,
,Omni ,,,,,,,,,,
,Omron ,,,,,,,,,,
,Optex ,,,,,,,,,,
,Optima ,,,,,,,,,,
,Opto 22 ,,,,,,,,,,
,Orbit ,,,,,,,,,,
,Oriental Motor ,,,,,,,,,,
,Origins ,,,,,,,,,,
,Orion ,,,,,,,,,,
,ORS ,,,,,,,,,,
,Osaki ,,,,,,,,,,
,Osborn ,,,,,,,,,,
,OSRAM ,,,,,,,,,,
,OTC ,,,,,,,,,,
,Oxford ,,,,,,,,,,
,P & L ,,,,,,,,,,
,Pacific ,,,,,,,,,,
,Pacific Scientific ,,,,,,,,,,
,Packard ,,,,,,,,,,
,Palmer ,,,,,,,,,,
,Panasonic ,,,,,,,,,,
,PanaVise ,,,,,,,,,,
,Panduit ,,,,,,,,,,
,Panther ,,,,,,,,,,
,PAPST ,,,,,,,,,,
,Paragon ,,,,,,,,,,
,Parallax ,,,,,,,,,,
,Parker ,,,,,,,,,,
,Parker Hannifin ,,,,,,,,,,
,PATLITE ,,,,,,,,,,
,Patriot ,,,,,,,,,,
,Payne Engineering ,,,,,,,,,,
,PCA ,,,,,,,,,,
,PCB ,,,,,,,,,,
,PEER ,,,,,,,,,,
,Peerless ,,,,,,,,,,
,Pelican ,,,,,,,,,,
,Penn ,,,,,,,,,,
,Pentair ,,,,,,,,,,
,Pepperl ,,,,,,,,,,
,PHD Inc. ,,,,,,,,,,
,Phihong ,,,,,,,,,,
,Philips ,,,,,,,,,,
,Phoenix Contact ,,,,,,,,,,
,PIC ,,,,,,,,,,
,Pillar ,,,,,,,,,,
,Pilz ,,,,,,,,,,
,Pinnacle ,,,,,,,,,,
,Pioneer ,,,,,,,,,,
,Pirelli ,,,,,,,,,,
,Pisco ,,,,,,,,,,
,PK ,,,,,,,,,,
,Planar ,,,,,,,,,,
,Plantronics ,,,,,,,,,,
,Plessey ,,,,,,,,,,
,PMC Group ,,,,,,,,,,
,PMC-Sierra ,,,,,,,,,,
,PMI ,,,,,,,,,,
,Pomona ,,,,,,,,,,
,Portescap ,,,,,,,,,,
,Positronic ,,,,,,,,,,
,P?tter ,,,,,,,,,,
,Powers ,,,,,,,,,,
,Power Source ,,,,,,,,,,
,Powertec ,,,,,,,,,,
,PPC ,,,,,,,,,,
,"Precision Brand Products, Inc. ",,,,,,,,,,
,Premier ,,,,,,,,,,
,Prestige ,,,,,,,,,,
,Prime ,,,,,,,,,,
,Prime Line Products ,,,,,,,,,,
,Primo ,,,,,,,,,,
,Printronix ,,,,,,,,,,
,PRO ,,,,,,,,,,
,PT ,,,,,,,,,,
,PTI ,,,,,,,,,,
,Pulsar ,,,,,,,,,,
,Pulse ,,,,,,,,,,
,Purolator ,,,,,,,,,,
,PYRAMID ,,,,,,,,,,
,PYREX ,,,,,,,,,,
,Quantum ,,,,,,,,,,
,Quartz ,,,,,,,,,,
,Quest ,,,,,,,,,,
,r.d.i. ,,,,,,,,,,
,RACO ,,,,,,,,,,
,RAD ,,,,,,,,,,
,Radial ,,,,,,,,,,
,Ranco ,,,,,,,,,,
,Ranger ,,,,,,,,,,
,Raychem ,,,,,,,,,,
,Rayovac ,,,,,,,,,,
,Raytheon ,,,,,,,,,,
,RBC ,,,,,,,,,,
,RCA ,,,,,,,,,,
,Realtek ,,,,,,,,,,
,Redington ,,,,,,,,,,
,Red Lion Controls ,,,,,,,,,,
,Reed ,,,,,,,,,,
,REES ,,,,,,,,,,
,Reeves ,,,,,,,,,,
,Reflex ,,,,,,,,,,
,Regal ,,,,,,,,,,
,Regent ,,,,,,,,,,
,Rego ,,,,,,,,,,
,Reliable ,,,,,,,,,,
,Reliance Electric ,,,,,,,,,,
,Renco ,,,,,,,,,,
,Renishaw ,,,,,,,,,,
,REO ,,,,,,,,,,
,Rex ,,,,,,,,,,
,Rexnord ,,,,,,,,,,
,Rexroth ,,,,,,,,,,
,Rhino ,,,,,,,,,,
,Rice Lake ,,,,,,,,,,
,Riko ,,,,,,,,,,
,Rima ,,,,,,,,,,
,Rittal ,,,,,,,,,,
,Robertson ,,,,,,,,,,
,Robinair ,,,,,,,,,,
,Robinson ,,,,,,,,,,
,Robohand ,,,,,,,,,,
,Rochester Medical ,,,,,,,,,,
,Rockwell ,,,,,,,,,,
,ROCKY ,,,,,,,,,,
,Rogers ,,,,,,,,,,
,Roland ,,,,,,,,,,
,Rosemount ,,,,,,,,,,
,Rotor ,,,,,,,,,,
,Roxburgh ,,,,,,,,,,
,Royal Crown ,,,,,,,,,,
,RPM ,,,,,,,,,,
,Russellstoll ,,,,,,,,,,
,S&M ,,,,,,,,,,
,Samson ,,,,,,,,,,
,Samsung ,,,,,,,,,,
,SAN ,,,,,,,,,,
,Sandvik ,,,,,,,,,,
,Sanken ,,,,,,,,,,
,SanRex ,,,,,,,,,,
,SANYO DENKI ,,,,,,,,,,
,Sb ,,,,,,,,,,
,Scan ,,,,,,,,,,
,Schaffner ,,,,,,,,,,
,Schmersal ,,,,,,,,,,
,Schneider ,,,,,,,,,,
,Schneider Electric ,,,,,,,,,,
,Schrader Bellows ,,,,,,,,,,
,SCHUPA ,,,,,,,,,,
,SCI ,,,,,,,,,,
,Scientific Atlanta ,,,,,,,,,,
,Scientific Technologies ,,,,,,,,,,
,Scotch ,,,,,,,,,,
,SD ,,,,,,,,,,
,Seagate ,,,,,,,,,,
,SECO ,,,,,,,,,,
,SECO-LARM ,,,,,,,,,,
,Securitron ,,,,,,,,,,
,SEI ,,,,,,,,,,
,Seiki ,,,,,,,,,,
,Selecta ,,,,,,,,,,
,Selectron ,,,,,,,,,,
,Semitronics ,,,,,,,,,,
,Sencore ,,,,,,,,,,
,Sensata ,,,,,,,,,,
,Sensirion ,,,,,,,,,,
,Sentinel ,,,,,,,,,,
,Sentrol ,,,,,,,,,,
,Sentry ,,,,,,,,,,
,Setra ,,,,,,,,,,
,SG ,,,,,,,,,,
,Sharp ,,,,,,,,,,
,Shimadzu ,,,,,,,,,,
,Shindengen ,,,,,,,,,,
,Showa ,,,,,,,,,,
,Shure ,,,,,,,,,,
,Shurite ,,,,,,,,,,
,SICK ,,,,,,,,,,
,Siemens ,,,,,,,,,,
,Siemon ,,,,,,,,,,
,Sigma ,,,,,,,,,,
,Signal ,,,,,,,,,,
,SIGNET ,,,,,,,,,,
,Signode ,,,,,,,,,,
,Silent Knight ,,,,,,,,,,
,Silver ,,,,,,,,,,
,SIMCO ,,,,,,,,,,
,Simplex ,,,,,,,,,,
,Simpson ,,,,,,,,,,
,Sinclair ,,,,,,,,,,
,SINGER ,,,,,,,,,,
,Sipex ,,,,,,,,,,
,Sirius ,,,,,,,,,,
,SK ,,,,,,,,,,
,SKF ,,,,,,,,,,
,Skinner ,,,,,,,,,,
,Skynet ,,,,,,,,,,
,Sloan ,,,,,,,,,,
,SMC ,,,,,,,,,,
,Smith ,,,,,,,,,,
,SMT ,,,,,,,,,,
,SNAP ,,,,,,,,,,
,SNR ,,,,,,,,,,
,SOL ,,,,,,,,,,
,Sola/Hevi-Duty ,,,,,,,,,,
,Solaris ,,,,,,,,,,
,Solo ,,,,,,,,,,
,Sony ,,,,,,,,,,
,Sorensen ,,,,,,,,,,
,Space Age Electronics ,,,,,,,,,,
,Spartan ,,,,,,,,,,
,SPC ,,,,,,,,,,
,Spears ,,,,,,,,,,
,Speco ,,,,,,,,,,
,Spectra ,,,,,,,,,,
,Spectrum ,,,,,,,,,,
,SPEEDAIRE ,,,,,,,,,,
,Speed Control ,,,,,,,,,,
,Spence ,,,,,,,,,,
,Sperry ,,,,,,,,,,
,Spirax Sarco ,,,,,,,,,,
,Sporlan ,,,,,,,,,,
,Spring ,,,,,,,,,,
,Square ,,,,,,,,,,
,Square D ,,,,,,,,,,
,SRC ,,,,,,,,,,
,SSI ,,,,,,,,,,
,SST ,,,,,,,,,,
,Stafford ,,,,,,,,,,
,Stancor ,,,,,,,,,,
,Standard ,,,,,,,,,,
,Stanley ,,,,,,,,,,
,Star ,,,,,,,,,,
,Starrett ,,,,,,,,,,
,START ,,,,,,,,,,
,STC ,,,,,,,,,,
,Stearns ,,,,,,,,,,
,STEC ,,,,,,,,,,
,Steel City ,,,,,,,,,,
,Sterling ,,,,,,,,,,
,Steyr Motors ,,,,,,,,,,
,STI ,,,,,,,,,,
,STM ,,,,,,,,,,
,STMicroelectronics ,,,,,,,,,,
,Streamline ,,,,,,,,,,
,Strippit ,,,,,,,,,,
,Struthers-Dunn ,,,,,,,,,,
,Sturtevant Richmont ,,,,,,,,,,
,Sullair ,,,,,,,,,,
,Sumitomo ,,,,,,,,,,
,Summit ,,,,,,,,,,
,Sun Hydraulics ,,,,,,,,,,
,Sun Microsystems ,,,,,,,,,,
,SUPCO ,,,,,,,,,,
,Superior ,,,,,,,,,,
,Suttle ,,,,,,,,,,
,Swagelok ,,,,,,,,,,
,SYLVANIA ,,,,,,,,,,
,Symbol ,,,,,,,,,,
,Synergy ,,,,,,,,,,
,Syracuse ,,,,,,,,,,
,System Sensor ,,,,,,,,,,
,Tamron ,,,,,,,,,,
,Tapeswitch ,,,,,,,,,,
,Taylor ,,,,,,,,,,
,TB Wood's ,,,,,,,,,,
,TCM ,,,,,,,,,,
,TCP ,,,,,,,,,,
,TDK ,,,,,,,,,,
,Tecumseh ,,,,,,,,,,
,Tektronix ,,,,,,,,,,
,Teledyne ,,,,,,,,,,
,Telemecanique ,,,,,,,,,,
,Telex ,,,,,,,,,,
,Tellabs ,,,,,,,,,,
,Tempco ,,,,,,,,,,
,Tempo ,,,,,,,,,,
,Tenma ,,,,,,,,,,
,Tennant ,,,,,,,,,,
,Teradyne ,,,,,,,,,,
,Terranova ,,,,,,,,,,
,Texas Instruments ,,,,,,,,,,
,Thermal Dynamics ,,,,,,,,,,
,Thermolyne ,,,,,,,,,,
,THK ,,,,,,,,,,
,Thomas ,,,,,,,,,,
,Thompson ,,,,,,,,,,
,Thomson ,,,,,,,,,,
,Thorlabs ,,,,,,,,,,
,Tiger ,,,,,,,,,,
,Timken ,,,,,,,,,,
,TMS ,,,,,,,,,,
,Tohnichi ,,,,,,,,,,
,TOHO ,,,,,,,,,,
,Topaz ,,,,,,,,,,
,Tork ,,,,,,,,,,
,Toro ,,,,,,,,,,
,Torque ,,,,,,,,,,
,Toshiba ,,,,,,,,,,
,Toyoda ,,,,,,,,,,
,TPC ,,,,,,,,,,
,TPI ,,,,,,,,,,
,Trace ,,,,,,,,,,
,Trane ,,,,,,,,,,
,Transition Networks ,,,,,,,,,,
,Trend ,,,,,,,,,,
,Trerice ,,,,,,,,,,
,Triad ,,,,,,,,,,
,Triangle ,,,,,,,,,,
,Trico ,,,,,,,,,,
,Trimble ,,,,,,,,,,
,Trinamic ,,,,,,,,,,
,Trinity ,,,,,,,,,,
,Trio ,,,,,,,,,,
,Triplett ,,,,,,,,,,
,Trojan ,,,,,,,,,,
,Trompeter ,,,,,,,,,,
,TRON ,,,,,,,,,,
,Trumeter ,,,,,,,,,,
,Trust ,,,,,,,,,,
,TRW ,,,,,,,,,,
,Tsubaki ,,,,,,,,,,
,Tweco ,,,,,,,,,,
,U.S. Solid ,,,,,,,,,,
,UK ,,,,,,,,,,
,Ultimate ,,,,,,,,,,
,Ultra ,,,,,,,,,,
,Unbranded ,,,,,,,,,,
,Unico ,,,,,,,,,,
,Unimax ,,,,,,,,,,
,United Electric Controls ,,,,,,,,,,
,Unity ,,,,,,,,,,
,Utica ,,,,,,,,,,
,Valcom ,,,,,,,,,,
,Valenite ,,,,,,,,,,
,Vanguard ,,,,,,,,,,
,Vantage ,,,,,,,,,,
,Varian ,,,,,,,,,,
,Varitronix ,,,,,,,,,,
,VAT ,,,,,,,,,,
,Vector ,,,,,,,,,,
,Veeder-Root ,,,,,,,,,,
,VELCRO ,,,,,,,,,,
,Velocity ,,,,,,,,,,
,Venture ,,,,,,,,,,
,Verbatim ,,,,,,,,,,
,Verifone ,,,,,,,,,,
,Veris ,,,,,,,,,,
,Vernitron ,,,,,,,,,,
,Versa ,,,,,,,,,,
,Vertex ,,,,,,,,,,
,Vexta ,,,,,,,,,,
,VIA ,,,,,,,,,,
,Vickers ,,,,,,,,,,
,Vicor ,,,,,,,,,,
,VICTOR ,,,,,,,,,,
,Victoreen ,,,,,,,,,,
,Videojet ,,,,,,,,,,
,ViewSonic ,,,,,,,,,,
,Viking ,,,,,,,,,,
,VIPA ,,,,,,,,,,
,Vishay ,,,,,,,,,,
,Volgen ,,,,,,,,,,
,Vortex ,,,,,,,,,,
,Voyager ,,,,,,,,,,
,VS ,,,,,,,,,,
,Vulcan ,,,,,,,,,,
,Wadsworth ,,,,,,,,,,
,WAGNER ,,,,,,,,,,
,Waldmann ,,,,,,,,,,
,Walker ,,,,,,,,,,
,Wallace ,,,,,,,,,,
,Ward Leonard ,,,,,,,,,,
,Warner Electric ,,,,,,,,,,
,Waters ,,,,,,,,,,
,Watlow ,,,,,,,,,,
,Watts ,,,,,,,,,,
,Wavetek ,,,,,,,,,,
,Weaver ,,,,,,,,,,
,Weber ,,,,,,,,,,
,WEG ,,,,,,,,,,
,Weil ,,,,,,,,,,
,Weiss ,,,,,,,,,,
,Weksler ,,,,,,,,,,
,Welch ,,,,,,,,,,
,Welch Allyn ,,,,,,,,,,
,Wera ,,,,,,,,,,
,Westell ,,,,,,,,,,
,Western Digital ,,,,,,,,,,
,Western Electric ,,,,,,,,,,
,Westinghouse ,,,,,,,,,,
,Whelen ,,,,,,,,,,
,White ,,,,,,,,,,
,White-Rodgers ,,,,,,,,,,
,Whitey ,,,,,,,,,,
,Whitman ,,,,,,,,,,
,Wickmann ,,,,,,,,,,
,Wiegmann ,,,,,,,,,,
,Wilkerson ,,,,,,,,,,
,Wilkins ,,,,,,,,,,
,Wilmar ,,,,,,,,,,
,Winchester ,,,,,,,,,,
,Wire PRO ,,,,,,,,,,
,Woodhead ,,,,,,,,,,
,Woods ,,,,,,,,,,
,Woodward ,,,,,,,,,,
,Xerox ,,,,,,,,,,
,Xilinx ,,,,,,,,,,
,Yale ,,,,,,,,,,
,Yamaha ,,,,,,,,,,
,YAMATO ,,,,,,,,,,
,Yaskawa ,,,,,,,,,,
,Yazaki ,,,,,,,,,,
,Yokogawa ,,,,,,,,,,
,YORK ,,,,,,,,,,
,YSI ,,,,,,,,,,
,Yuasa ,,,,,,,,,,
,Zebra ,,,,,,,,,,
,ZEISS ,,,,,,,,,,
,Zetron ,,,,,,,,,,
,Not Specified ,,,,,,,,,,
,ABPLC,,,,,,,,,,
,Alerton,,,,,,,,,,
,BACnet,,,,,,,,,,
,Carel pCO,,,,,,,,,,
,Eaton,,,,,,,,,,
,Ethernet,,,,,,,,,,
,Ingeteam ,,,,,,,,,,
,MOXA,,,,,,,,,,
,schedule electric,,,,,,,,,,
,Schneider BACnet,,,,,,,,,,
,Siemens,,,,,,,,,,
,SIMATIC,,,,,,,,,,
,Tracer,,,,,,,,,,
,TS,,,,,,,,,,
,UPS,,,,,,,,,,
,webesay,,,,,,,,,,
,Workbench,,,,,,,,,,
